Team,Median of MP,Mean of MP,Std of MP,Median of Starts,Mean of Starts,Std of Starts,Median of Min,Mean of Min,Std of Min,Median of Gls,Mean of Gls,Std of Gls,Median of Ast,Mean of Ast,Std of Ast,Median of CrdY,Mean of CrdY,Std of CrdY,Median of CrdR,Mean of CrdR,Std of CrdR,Median of xG,Mean of xG,Std of xG,Median of npxG,Mean of npxG,Std of npxG,Median of xAG,Mean of xAG,Std of xAG,Median of PrgC_standard,Mean of PrgC_standard,Std of PrgC_standard,Median of PrgP_standard,Mean of PrgP_standard,Std of PrgP_standard,Median of PrgR_standard,Mean of PrgR_standard,Std of PrgR_standard,Median of Gls_per90,Mean of Gls_per90,Std of Gls_per90,Median of Ast_per90,Mean of Ast_per90,Std of Ast_per90,Median of xG_per90,Mean of xG_per90,Std of xG_per90,Median of xAG_per90,Mean of xAG_per90,Std of xAG_per90,Median of GA90,Mean of GA90,Std of GA90,Median of Save%,Mean of Save%,Std of Save%,Median of CS%,Mean of CS%,Std of CS%,Median of PK Save%,Mean of PK Save%,Std of PK Save%,Median of SoT%,Mean of SoT%,Std of SoT%,Median of SoT/90,Mean of SoT/90,Std of SoT/90,Median of G/Sh,Mean of G/Sh,Std of G/Sh,Median of Dist,Mean of Dist,Std of Dist,Median of Total Cmp,Mean of Total Cmp,Std of Total Cmp,Median of Total Cmp%,Mean of Total Cmp%,Std of Total Cmp%,Median of TotDist_passing,Mean of TotDist_passing,Std of TotDist_passing,Median of Short Cmp%,Mean of Short Cmp%,Std of Short Cmp%,Median of Medium Cmp%,Mean of Medium Cmp%,Std of Medium Cmp%,Median of Long Cmp%,Mean of Long Cmp%,Std of Long Cmp%,Median of KP,Mean of KP,Std of KP,Median of 1/3_passing,Mean of 1/3_passing,Std of 1/3_passing,Median of PPA,Mean of PPA,Std of PPA,Median of CrsPA,Mean of CrsPA,Std of CrsPA,Median of PrgP_passing,Mean of PrgP_passing,Std of PrgP_passing,Median of SCA,Mean of SCA,Std of SCA,Median of SCA90,Mean of SCA90,Std of SCA90,Median of GCA,Mean of GCA,Std of GCA,Median of GCA90,Mean of GCA90,Std of GCA90,Median of Tkl,Mean of Tkl,Std of Tkl,Median of TklW,Mean of TklW,Std of TklW,Median of Att_defense,Mean of Att_defense,Std of Att_defense,Median of Lost_defense,Mean of Lost_defense,Std of Lost_defense,Median of Blocks,Mean of Blocks,Std of Blocks,Median of Sh_defense,Mean of Sh_defense,Std of Sh_defense,Median of Pass_defense,Mean of Pass_defense,Std of Pass_defense,Median of Int,Mean of Int,Std of Int,Median of Touches,Mean of Touches,Std of Touches,Median of Def Pen,Mean of Def Pen,Std of Def Pen,Median of Def 3rd,Mean of Def 3rd,Std of Def 3rd,Median of Mid 3rd,Mean of Mid 3rd,Std of Mid 3rd,Median of Att 3rd,Mean of Att 3rd,Std of Att 3rd,Median of Att Pen,Mean of Att Pen,Std of Att Pen,Median of Att (Take-Ons),Mean of Att (Take-Ons),Std of Att (Take-Ons),Median of Succ%,Mean of Succ%,Std of Succ%,Median of Tkld%,Mean of Tkld%,Std of Tkld%,Median of Carries,Mean of Carries,Std of Carries,Median of TotDist (Carries),Mean of TotDist (Carries),Std of TotDist (Carries),Median of PrgDist (Carries),Mean of PrgDist (Carries),Std of PrgDist (Carries),Median of PrgC_possession,Mean of PrgC_possession,Std of PrgC_possession,Median of 1/3 (Carries),Mean of 1/3 (Carries),Std of 1/3 (Carries),Median of CPA,Mean of CPA,Std of CPA,Median of Mis,Mean of Mis,Std of Mis,Median of Dis,Mean of Dis,Std of Dis,Median of Rec,Mean of Rec,Std of Rec,Median of PrgR (Receiving),Mean of PrgR (Receiving),Std of PrgR (Receiving),Median of Fls,Mean of Fls,Std of Fls,Median of Fld,Mean of Fld,Std of Fld,Median of Off,Mean of Off,Std of Off,Median of Crs,Mean of Crs,Std of Crs,Median of Recov,Mean of Recov,Std of Recov,Median of Won,Mean of Won,Std of Won,Median of Lost_misc,Mean of Lost_misc,Std of Lost_misc,Median of Won%,Mean of Won%,Std of Won%
Southampton,0.6896551724137931,0.6432818073721761,0.35791374310067614,0.4482758620689655,0.45659928656361487,0.33932245618150575,40.62068965517241,40.83828775267539,29.525423718939834,0.0,0.02853745541022592,0.036942981602635434,0.0,0.017835909631391204,0.028585190244943222,0.06896551724137931,0.09869203329369795,0.10167784616356489,0.0,0.0035671819262782403,0.014112158373068534,0.017241379310344827,0.036860879904875146,0.0476392173525218,0.017241379310344827,0.034720570749108205,0.043255211001913714,0.017241379310344827,0.027824019024970274,0.03177725038975056,0.3448275862068966,0.7098692033293698,0.9282716368682759,0.8275862068965517,1.2568370986920332,1.3606055057164366,0.6896551724137931,1.2187871581450653,1.334693274661746,0.0,0.051379310344827595,0.07637894894776003,0.0,0.04310344827586207,0.09721491097694918,0.04,0.07724137931034482,0.0886363578949784,0.03,0.05413793103448277,0.05858554437617027,2.33,2.41,0.16522711641858315,67.1,67.46666666666665,2.6689573494781307,0.0,2.466666666666667,4.2723919920032305,14.3,14.3,20.22325394193526,30.0,25.888,22.614050204832097,0.004827586206896552,0.007443519619500596,0.009880600781177454,0.001724137931034483,0.0024275862068965513,0.0033276010957918353,0.6241379310344828,0.5968275862068966,0.21006652023844538,8.862068965517242,17.228299643281808,16.583642289649667,80.2,80.91379310344827,8.12011277797874,145.44827586206895,292.1319857312723,295.36988900784957,90.9,89.6206896551724,7.039905605614368,89.5,85.45172413793105,10.888907222150936,55.25,53.667857142857144,17.12109492802349,0.1724137931034483,0.30439952437574314,0.32584043057893786,0.4482758620689655,1.1105826397146257,1.3615038832292445,0.1724137931034483,0.24137931034482762,0.2677375022995309,0.034482758620689655,0.06420927467300833,0.08969501669146786,0.8275862068965517,1.2568370986920332,1.3606055057164366,0.5172413793103449,0.6908442330558858,0.691959374775319,0.04724137931034483,0.04848989298454221,0.029330102554506205,0.034482758620689655,0.04756242568370987,0.06478315287823368,0.0020689655172413794,0.003709869203329369,0.004836950078048335,0.4482758620689655,0.703923900118906,0.6803258919775127,0.2413793103448276,0.40784780023781214,0.39013538628206784,0.4482758620689655,0.6278240190249704,0.49845858125134535,0.3448275862068966,0.3222354340071344,0.24037013918299313,0.27586206896551724,0.46135552913198574,0.5143113887638009,0.06896551724137931,0.20332936979785965,0.3150093933832308,0.1724137931034483,0.25802615933412604,0.2759576019395294,0.1724137931034483,0.3317479191438764,0.4228698446076111,15.758620689655173,25.05469678953626,21.928368949999893,1.4482758620689655,3.2282996432818067,5.882162128476424,5.551724137931035,9.145065398335317,11.104348475389251,6.827586206896552,10.806183115338884,10.62862929269372,4.517241379310345,5.319857312722949,5.1429117306688905,0.5172413793103449,0.7538644470868014,0.7194738452918433,0.20689655172413793,0.7824019024970273,1.1079841904197616,43.349999999999994,47.565384615384616,27.45991904296431,45.8,43.07692307692308,27.837863534291674,8.724137931034482,14.017835909631396,12.515723491846025,45.6551724137931,74.00594530321045,68.8605673549839,20.655172413793103,37.90844233055886,38.56591963928454,0.3448275862068966,0.7098692033293698,0.9282716368682759,0.3103448275862069,0.5255648038049942,0.648111758158138,0.034482758620689655,0.17598097502972654,0.26169678452604817,0.3448275862068966,0.5148632580261594,0.5182200129919345,0.1724137931034483,0.38168846611177176,0.47450107315892937,12.0,17.036860879904875,15.038049614837641,0.6896551724137931,1.2187871581450653,1.334693274661746,0.41379310344827586,0.5089179548156957,0.46306186723136067,0.27586206896551724,0.4708680142687277,0.5436037153353481,0.0,0.052318668252080855,0.09058849630563448,0.20689655172413793,0.6076099881093936,0.9261601006917883,0.7931034482758621,1.5850178359096316,1.5245703741613241,0.27586206896551724,0.5041617122473246,0.7212830065689172,0.27586206896551724,0.43519619500594525,0.4700485351213755,54.5,54.46896551724138,22.807910649100233
Aston Villa,0.8214285714285714,5.474489795918367,14.440038979572128,0.6071428571428571,3.089285714285715,8.075585973370792,50.73214285714286,294.09693877551024,755.9961704513253,0.03571428571428571,0.7997448979591837,2.6997371741167413,0.0,0.2959183673469388,1.2887184605215942,0.07142857142857142,0.895408163265306,2.556336675175434,0.0,0.08290816326530612,0.4317621055848071,0.04285714285714286,0.69375,2.2837625233871215,0.04285714285714286,0.6229591836734695,1.9867214216750724,0.025,0.4880102040816328,1.898292638581039,0.7857142857142857,7.165816326530611,20.4068783845336,1.3928571428571428,8.067602040816325,19.944578680768725,0.9642857142857143,16.257653061224488,55.8376063254267,0.055,0.18053571428571427,0.2761318099296538,0.0,0.07964285714285714,0.10064540404060861,0.08,0.18839285714285717,0.23170484725915044,0.05,0.08446428571428573,0.08802713476551678,1.6800000000000002,1.6800000000000002,0.4525483399593903,61.150000000000006,61.150000000000006,7.848885271170679,58.8,58.8,58.265598769771515,50.0,50.0,,29.4,31.427999999999997,20.12915112467488,0.007500000000000001,0.017232142857142856,0.023820210895161006,0.002857142857142857,0.003271428571428572,0.0030233114981698442,0.5785714285714285,0.5971428571428571,0.15838255590059608,19.910714285714285,101.6466836734694,266.99489973983196,82.0,81.34821428571429,7.206343426593724,335.67857142857144,1595.508928571429,4165.798168483324,91.45,90.05178571428571,5.468385267504699,86.65,86.09285714285716,8.177687736736878,53.9,54.7642857142857,15.051773964250842,0.3392857142857143,3.594387755102041,12.271067674772508,1.0714285714285716,5.987244897959184,15.720508070278463,0.2857142857142857,3.3749999999999996,11.126045094312047,0.0,1.1237244897959184,4.450093654721805,1.3928571428571428,8.067602040816325,19.944578680768725,0.8392857142857142,7.582908163265307,24.712601736316625,0.06517857142857142,0.07299107142857143,0.045784054754735085,0.07142857142857142,0.4451530612244898,1.7102156861091273,0.006428571428571429,0.007920918367346938,0.007070435483837538,0.6071428571428572,5.378826530612246,13.839152463211425,0.375,3.0306122448979593,7.604081992730286,0.5535714285714286,5.033163265306123,12.891323351039826,0.21428571428571427,2.3954081632653064,6.16024308888506,0.4642857142857143,3.1492346938775504,8.440703164675092,0.10714285714285714,0.3724489795918367,0.9298134028087357,0.25,2.7767857142857144,7.872529576875244,0.26785714285714285,2.318877551020408,6.451318724222442,27.910714285714285,162.73341836734693,411.12752600397187,1.9464285714285716,8.60969387755102,22.07442259912997,7.160714285714286,38.580357142857146,107.22410086633907,11.125,69.58801020408161,184.43067913063283,4.553571428571429,56.3609693877551,176.60402007695046,0.8392857142857142,9.552295918367347,30.191749075212627,0.6428571428571429,9.771683673469386,29.717039738199855,47.4,50.8462962962963,25.544203489418727,38.9,38.75555555555555,23.408156588501257,16.785714285714285,97.72066326530613,252.78053686171543,90.17857142857142,582.2270408163265,1508.8458945514453,44.375,275.75255102040813,714.8310432156155,0.7857142857142857,7.165816326530611,20.4068783845336,0.5178571428571428,4.417091836734694,13.371484016538956,0.10714285714285714,3.572704081632653,12.516393189093606,0.4642857142857143,4.169642857142857,11.932256444556266,0.3392857142857143,2.4936224489795924,6.410181320577618,19.19642857142857,112.22193877551021,291.13752120033394,0.9642857142857143,16.257653061224488,55.8376063254267,0.4107142857142857,3.2385204081632653,9.354330596270906,0.5178571428571428,3.0178571428571423,8.609947072226735,0.03571428571428571,1.0395408163265305,3.581326750389708,0.25,6.630102040816326,24.450959399579286,2.017857142857143,10.748724489795919,26.7011389327924,0.4821428571428571,2.3915816326530615,6.242103720464351,0.5178571428571429,2.9999999999999996,7.711327328093247,50.0,42.4,22.314151253270786
Ipswich Town,0.6785714285714286,0.669642857142857,0.3245185107114949,0.42857142857142855,0.4719387755102041,0.3536011081093959,36.535714285714285,42.372448979591844,29.01843190895391,0.0,0.038265306122448974,0.0852548153707094,0.0,0.028061224489795915,0.036830625557326045,0.07142857142857142,0.10841836734693878,0.09694996355057953,0.0,0.0063775510204081625,0.013929322420981419,0.017857142857142856,0.036479591836734694,0.06472773625108516,0.017857142857142856,0.034438775510204085,0.0552703645285547,0.014285714285714285,0.025382653061224485,0.03562607208494512,0.2857142857142857,0.5395408163265306,0.6759794051941417,0.7857142857142858,1.0178571428571428,0.9448861845420712,0.48214285714285715,0.955357142857143,1.310988538699581,0.0,0.07571428571428572,0.14208574801281015,0.0,0.05892857142857144,0.08753155137875991,0.035,0.07785714285714286,0.10307699900980687,0.03,0.05357142857142858,0.05684379413108287,2.45,2.316666666666667,0.43558389930452357,58.7,62.099999999999994,6.863672486358887,5.6,7.433333333333333,8.499607834090542,0.0,0.0,0.0,20.2,27.722727272727276,25.369102539040746,0.0025,0.008596938775510203,0.012280163848428931,0.0023214285714285715,0.0024675324675324673,0.002880240588354774,0.5660714285714286,0.5819805194805195,0.19151230930939045,9.053571428571429,12.970663265306126,11.251576917999955,76.2,75.3607142857143,8.372677755905384,163.48214285714286,232.37117346938777,202.9154397145168,87.25,87.56785714285715,7.385173012413481,84.6,82.1107142857143,11.14940089025595,49.5,48.407692307692315,13.76520026957612,0.14285714285714285,0.29719387755102045,0.4094100030391165,0.7321428571428572,0.979591836734694,1.0548733580545637,0.125,0.17346938775510204,0.220953211742906,0.0,0.052295918367346934,0.1044557860048393,0.7857142857142858,1.0178571428571428,0.9448861845420712,0.4642857142857143,0.6926020408163265,0.777028669401601,0.04607142857142857,0.05223214285714285,0.04438147023081624,0.03571428571428571,0.06632653061224489,0.07448125319883737,0.003928571428571429,0.00475765306122449,0.00527678135786942,0.4464285714285714,0.6721938775510204,0.6106770442115559,0.3035714285714286,0.3826530612244898,0.3493673613547811,0.4285714285714286,0.6862244897959184,0.61724073472882,0.23214285714285715,0.3596938775510204,0.34720683477404446,0.2857142857142857,0.4961734693877551,0.5110586663773836,0.07142857142857142,0.2193877551020408,0.35231046668952576,0.23214285714285715,0.2767857142857143,0.2776005670562147,0.23214285714285715,0.3558673469387755,0.34413921212512744,17.19642857142857,21.494897959183675,17.0099225029643,1.0178571428571428,3.5625,4.882284225958025,5.678571428571429,9.01530612244898,9.188041604150381,6.357142857142858,8.42984693877551,7.846917842567866,3.446428571428571,4.279336734693877,4.52950824823683,0.35714285714285715,0.6364795918367346,0.7913490573911368,0.25,0.6415816326530612,0.9776644960624427,45.4,44.99999999999999,11.681294088368265,43.349999999999994,44.58,8.675045881874722,8.767857142857142,10.568877551020408,8.112929597881882,52.625,58.91071428571429,46.13225804603872,23.214285714285715,28.719387755102044,22.80354312827526,0.2857142857142857,0.5395408163265306,0.6759794051941417,0.23214285714285715,0.3545918367346939,0.4032334084991406,0.03571428571428571,0.15561224489795916,0.28309218190813745,0.39285714285714285,0.604591836734694,0.7764563141164779,0.14285714285714285,0.3596938775510204,0.5197287444639266,10.410714285714285,12.711734693877549,10.325329394925019,0.48214285714285715,0.955357142857143,1.310988538699581,0.35714285714285715,0.49234693877551017,0.5437542315155931,0.26785714285714285,0.4362244897959184,0.4349565297930723,0.017857142857142856,0.05612244897959183,0.10214469391389347,0.21428571428571427,0.5433673469387754,1.0642332087673936,1.4464285714285714,1.6160714285714286,1.3162749855142548,0.26785714285714285,0.6288265306122449,0.8326720327174167,0.5178571428571428,0.6173469387755103,0.6664439213241796,50.0,52.54285714285714,27.037633971811417
Brighton,0.8214285714285714,4.155612244897959,12.744992251956434,0.625,1.6964285714285712,5.194301961255374,56.089285714285715,155.9094387755102,449.31784773781567,0.03571428571428571,0.31250000000000006,0.9392761582389547,0.03571428571428571,0.29081632653061223,1.2880898939871788,0.08928571428571427,0.3380102040816326,1.2807252609937465,0.0,0.003826530612244898,0.011248942649084145,0.03035714285714286,0.3591836734693878,1.150328762929359,0.03035714285714286,0.3542091836734695,1.1508151558902373,0.044642857142857144,0.21683673469387751,0.6557466311883491,0.6964285714285714,3.355867346938776,11.53868285449084,1.5,4.748724489795919,15.291710248329455,1.2857142857142856,7.0102040816326525,22.007767338765454,0.08,0.12035714285714286,0.1398473279411342,0.04,0.09714285714285713,0.12645763872354407,0.09,0.13017857142857142,0.11926070215861165,0.095,0.10410714285714283,0.07667938990353819,1.095,1.095,0.8414570696119915,69.15,69.15,8.273149339882607,34.4,34.4,22.061731573020282,0.0,0.0,,29.0,30.025,21.53957868668744,0.011071428571428572,0.014878826530612245,0.01727544991085937,0.0019642857142857144,0.00282967032967033,0.003103525113780801,0.5892857142857142,0.6266483516483515,0.14034298645159954,15.732142857142858,43.68750000000001,106.65029708265865,80.7,79.61607142857143,8.080464021918779,253.03571428571428,686.3061224489796,1653.6944352819135,90.9,89.4125,6.290286824408991,82.1,81.36607142857143,10.665538599824137,53.0,54.3732142857143,16.031395598676674,0.4642857142857143,2.0408163265306123,6.660546469974938,1.1071428571428572,3.5408163265306123,11.080964123216484,0.3035714285714286,1.278061224489796,4.691506988728552,0.05357142857142857,0.26275510204081637,0.8550025242585546,1.5,4.748724489795919,15.291710248329455,1.0535714285714286,4.547193877551021,15.1602521058406,0.10035714285714284,0.0895280612244898,0.043196879127098194,0.10714285714285714,0.4502551020408162,1.7066169765641956,0.010357142857142856,0.011026785714285713,0.009624422045845314,0.6785714285714286,2.1721938775510203,5.157909460707805,0.4464285714285714,1.3749999999999996,3.546720084248131,0.7142857142857143,2.099489795918367,4.978177596931323,0.39285714285714285,1.2244897959183674,3.154647454390813,0.4464285714285714,1.3099489795918366,2.8878320973606066,0.07142857142857142,0.30102040816326525,0.858047834177024,0.39285714285714285,1.0089285714285716,2.4040472181741532,0.35714285714285715,0.5204081632653061,0.595906654022945,23.714285714285715,82.35331632653062,230.90474356095396,1.0178571428571428,4.096938775510204,7.576199312739011,5.214285714285714,15.27933673469388,28.326226355513466,9.589285714285715,37.464285714285715,105.40417746637016,5.946428571428571,31.21301020408163,105.7602853240646,0.8392857142857143,5.667091836734693,17.060563758251927,0.4821428571428571,7.192602040816326,30.102248184105807,41.5,44.790740740740745,21.670442636124992,45.0,47.0037037037037,20.684971904212553,13.767857142857142,44.357142857142854,119.96854195246793,84.23214285714286,259.78826530612247,773.569251031965,45.19642857142857,135.29846938775512,417.0897633292662,0.6964285714285714,3.355867346938776,11.53868285449084,0.625,3.089285714285713,11.977210108382824,0.10714285714285714,1.3494897959183674,4.423921833185506,0.4642857142857143,3.6607142857142856,11.452444889766413,0.26785714285714285,4.215561224489797,16.00321940087793,15.607142857142858,53.94770408163265,152.59696850239467,1.2857142857142856,7.0102040816326525,22.007767338765454,0.4107142857142857,1.7193877551020407,4.8883675216005456,0.3392857142857143,2.5892857142857144,9.881901369613056,0.03571428571428571,0.05102040816326531,0.06405644848900469,0.35714285714285715,3.6237244897959187,14.999881840498508,1.9464285714285714,7.706632653061225,23.902829787263563,0.5535714285714286,2.3801020408163267,6.577947180150378,0.5714285714285714,3.6198979591836733,11.32355943713436,50.0,49.86666666666666,19.775562814124523
Tottenham,0.7777777777777778,0.6995884773662552,0.34367210124221836,0.5555555555555556,0.5116598079561042,0.3007214140978619,46.370370370370374,45.96707818930041,25.79780784606886,0.0,0.08093278463648833,0.12112389045250062,0.037037037037037035,0.06172839506172839,0.08896008544727062,0.07407407407407407,0.0877914951989026,0.08664556939268944,0.0,0.0013717421124828531,0.007127781101106489,0.025925925925925925,0.07681755829903979,0.10793950423960061,0.025925925925925925,0.07352537722908092,0.10471980685813596,0.03333333333333333,0.05747599451303156,0.07463018013109066,0.5925925925925926,1.0727023319615914,1.0690264279173267,1.8148148148148149,2.0823045267489713,1.7451097905893058,1.1481481481481481,2.0685871056241427,2.5600254831093836,0.0,0.13666666666666666,0.21244003678866474,0.05,0.11703703703703702,0.1580363837079885,0.07,0.14444444444444443,0.18267948672961307,0.08,0.10740740740740741,0.11109914465476295,1.75,1.78,0.345976877840124,65.2,63.5,6.518435395092907,18.2,19.166666666666668,5.41510233821424,0.0,0.0,,33.3,32.97083333333333,19.60497894095687,0.011111111111111112,0.01525377229080933,0.015441529248958785,0.002037037037037037,0.002731481481481482,0.003196908545769633,0.6296296296296297,0.6061728395061728,0.18915445531114616,25.666666666666668,21.131687242798353,13.709455685624022,84.8,80.93703703703704,8.247617285203702,390.22222222222223,350.60082304526753,236.3600221595648,91.3,89.56666666666668,6.656055658051315,89.8,84.74074074074076,10.9232729407395,54.4,55.25185185185185,15.102352602527006,0.25925925925925924,0.49519890260630994,0.6515497347786819,1.3703703703703705,1.6515775034293556,1.4606173001382854,0.2962962962962963,0.4883401920438957,0.6168501166208229,0.037037037037037035,0.1111111111111111,0.18829301016362743,1.8148148148148149,2.0823045267489713,1.7451097905893058,0.5555555555555556,1.1440329218106997,1.348729302955556,0.060370370370370366,0.07362139917695475,0.05701217992907484,0.07407407407407407,0.13991769547325103,0.17137488251492597,0.008148148148148147,0.0094238683127572,0.009733893866814976,0.48148148148148145,0.8271604938271605,0.7634689772225034,0.3333333333333333,0.5253772290809329,0.5184205276797869,0.5185185185185185,0.747599451303155,0.6585479882968609,0.3333333333333333,0.37037037037037035,0.3162778139345394,0.5555555555555556,0.5390946502057614,0.44412777575839424,0.14814814814814814,0.1879286694101509,0.1907776430781161,0.3333333333333333,0.3511659807956104,0.3313283114532984,0.37037037037037035,0.38820301783264743,0.3957634635018563,32.77777777777778,30.679012345679016,19.026441784223607,2.037037037037037,3.1015089163237315,4.231865239009723,8.444444444444445,9.882030178326476,8.292836306871168,14.555555555555555,12.97942386831276,9.547962559631884,5.62962962962963,8.119341563786008,8.41158156186982,0.8888888888888888,1.315500685871056,1.5639567724693768,0.7037037037037037,1.0246913580246915,1.0775070395504056,43.05,43.8,24.810787976201,49.4,43.4076923076923,24.229270283306892,20.88888888888889,19.223593964334707,11.473820996886596,105.85185185185185,105.54458161865568,61.41381717018386,55.407407407407405,53.3113854595336,31.782657332050647,0.5925925925925926,1.0727023319615914,1.0690264279173267,0.6666666666666666,0.7215363511659808,0.6279826263509742,0.14814814814814814,0.32098765432098764,0.4409884625480056,0.5555555555555556,0.6625514403292181,0.6603318312758761,0.37037037037037035,0.5294924554183813,0.599216435949869,23.296296296296298,20.964334705075448,12.555402101279594,1.1481481481481481,2.0685871056241427,2.5600254831093836,0.37037037037037035,0.5377229080932784,0.4747913877854169,0.37037037037037035,0.6049382716049382,0.5600954108564226,0.037037037037037035,0.07544581618655692,0.11867932532823586,0.4444444444444444,0.9794238683127572,1.5765886846903379,2.111111111111111,2.082304526748971,1.5039020448442753,0.3333333333333333,0.5075445816186557,0.5019551112547452,0.4074074074074074,0.5267489711934157,0.5105547710544102,50.0,50.11481481481482,23.220526458348203
Manchester Utd,0.7884615384615385,0.727810650887574,0.42910710610709624,0.5769230769230769,0.5325443786982248,0.4193108332428692,52.63461538461539,47.74704142011834,36.03475175565864,0.0,0.048816568047337285,0.08395384214184476,0.0,0.03550295857988166,0.08062116606036024,0.09615384615384616,0.10798816568047337,0.09295874937366609,0.0,0.004437869822485207,0.01659444220400019,0.032692307692307694,0.06597633136094674,0.09092354749124817,0.032692307692307694,0.06242603550295858,0.07989866135030818,0.021153846153846155,0.04807692307692308,0.06571635301243092,0.3653846153846154,0.8698224852071006,1.2382501932939625,1.673076923076923,1.8343195266272188,2.2321154884855727,0.5961538461538461,1.7218934911242605,2.554409291302401,0.0,0.06153846153846154,0.0986992323249703,0.0,0.04076923076923077,0.08643717149111611,0.06,0.12346153846153846,0.15398551380418374,0.06,0.08923076923076922,0.09324904619021374,1.3,1.3,,69.0,69.0,,27.3,27.3,,25.0,25.0,,25.85,24.65,15.699188635388895,0.006346153846153847,0.01363905325443787,0.017560455429804184,0.0,0.001660839160839161,0.0021311809933808558,0.6173076923076923,0.6304195804195803,0.23666435224891863,22.076923076923077,21.61390532544378,18.060386808943665,82.69999999999999,82.96923076923078,5.759706189087719,320.7692307692307,355.069526627219,319.23459590277923,90.85,89.94615384615385,4.593319563821421,86.0,85.23846153846154,8.569390966600924,56.4,59.150000000000006,17.894406947423544,0.25,0.5014792899408284,0.6828829219683762,0.9423076923076923,1.4585798816568045,1.5823330493059318,0.19230769230769232,0.40384615384615385,0.5889766473505214,0.038461538461538464,0.08136094674556212,0.10732184801967289,1.673076923076923,1.8343195266272188,2.2321154884855727,0.5961538461538461,1.173076923076923,1.419819556832662,0.07461538461538461,0.09013313609467458,0.0573214688972704,0.038461538461538464,0.08727810650887574,0.14977604279387668,0.001346153846153846,0.004674556213017752,0.00797087324007705,0.8076923076923077,1.069526627218935,1.0889449446132369,0.3653846153846154,0.6434911242603552,0.6658675608235645,0.6538461538461539,0.9260355029585798,0.9571235924547572,0.19230769230769232,0.41420118343195267,0.47857130725847724,0.34615384615384615,0.48372781065088755,0.4312048726990656,0.07692307692307693,0.14201183431952666,0.19177440851081323,0.2692307692307693,0.3417159763313609,0.3355340039694251,0.2692307692307692,0.4955621301775148,0.499150393325531,30.615384615384613,31.718934911242606,25.744929458213225,0.8653846153846154,3.2884615384615383,7.514933849957081,5.884615384615385,11.245562130177515,12.54241597350507,12.365384615384615,13.437869822485206,11.984941621525325,3.9615384615384617,7.328402366863906,8.66097300223659,0.6923076923076923,1.198224852071006,1.4735013370402636,0.21153846153846156,0.7766272189349113,0.9903689606391863,50.0,47.5375,28.32888850472329,49.6,46.9625,26.66524871683058,18.78846153846154,19.306213017751478,15.570057293237616,63.480769230769226,95.55917159763315,79.86404663219697,31.076923076923077,48.42603550295857,43.17217206257776,0.3653846153846154,0.8698224852071006,1.2382501932939625,0.40384615384615385,0.6020710059171598,0.7159999262579967,0.038461538461538464,0.28402366863905326,0.6108561188997529,0.3653846153846154,0.6434911242603552,0.702704639048694,0.17307692307692307,0.4689349112426035,0.5429504353428242,21.192307692307693,21.255917159763314,17.034729378737644,0.5961538461538461,1.7218934911242605,2.554409291302401,0.46153846153846156,0.5295857988165682,0.4424658837258138,0.28846153846153844,0.47633136094674555,0.44523471943876824,0.038461538461538464,0.08136094674556213,0.12226991340914435,0.23076923076923078,0.7899408284023669,1.4236061705763463,1.8076923076923075,2.229289940828402,2.000102978687036,0.40384615384615385,0.621301775147929,0.6288613084687517,0.5384615384615384,0.6331360946745561,0.7152796258137324,51.6,52.18,25.34431231394268
Manchester City,0.92,0.7951999999999999,0.3589466069858673,0.68,0.6144000000000001,0.34503719606249217,59.76,55.254400000000004,30.65129226204555,0.04,0.1056,0.17658992043715294,0.0,0.07680000000000001,0.10258005004223124,0.08,0.09280000000000001,0.06997142273814361,0.0,0.0016,0.008,0.052000000000000005,0.1008,0.1670169652061331,0.052000000000000005,0.09632,0.14939397578215796,0.06,0.08112,0.08997421852953212,1.4,1.6656,1.8176864416064724,2.56,2.8112,2.4168718073851854,1.04,2.784,3.128705802724187,0.06,0.1784,0.24563998045920782,0.0,0.10200000000000001,0.1414213562373095,0.07,0.16080000000000003,0.2177904191342371,0.07,0.1164,0.12195900950729306,1.2850000000000001,1.2850000000000001,0.2616295090390225,68.25,68.25,0.3535533905932738,29.9,29.9,6.929646455628164,0.0,0.0,0.0,32.05,31.449999999999992,21.18042110287796,0.0132,0.018543999999999998,0.020546818082937644,0.004200000000000001,0.005309090909090908,0.008410589079131654,0.714,0.6810909090909092,0.19358150961752743,27.04,31.740800000000004,23.67596283153021,87.7,86.50400000000002,6.95680003066544,403.12,514.8512,389.8491575844859,94.4,92.12800000000001,6.126072695182999,91.9,89.516,7.833990043394235,64.3,59.776,12.40884362057964,0.36,0.6896000000000001,0.6738229243156791,1.68,2.4800000000000004,2.5978195985608132,0.44,0.6352,0.6481069870528064,0.04,0.0928,0.12687001221722966,2.56,2.8112,2.4168718073851854,1.32,1.5904000000000003,1.357413226201464,0.0832,0.09534399999999998,0.06985259527509817,0.12,0.18560000000000001,0.1821647605877712,0.0104,0.011023999999999999,0.009524060758591019,0.6,0.7376,0.6823567004629373,0.28,0.44799999999999995,0.4355838993045236,0.52,0.6752000000000001,0.6295310423905507,0.24,0.35359999999999997,0.3418927707142499,0.44,0.49760000000000004,0.3840277767731565,0.04,0.1312,0.1927070315271345,0.36,0.36640000000000006,0.2839436563827408,0.2,0.32800000000000007,0.34331715172223287,35.68,41.352,27.96162370106572,1.56,3.1408000000000005,5.5716558879145905,7.88,9.6624,9.716419642371704,13.24,17.8912,15.834698270991252,12.96,14.136,11.154209967541403,0.88,1.9407999999999999,2.070398351364619,0.84,1.1872,1.6408826892864707,45.7,47.89565217391305,26.41374432616594,36.1,37.56086956521739,23.657763268023665,23.6,26.5872,18.653810048709442,115.16,152.3792,110.87257257470546,68.56,82.0784,63.34836117848669,1.4,1.6656,1.8176864416064724,0.92,1.2464,1.1019788261728685,0.12,0.5792,0.9347455981887978,0.56,0.696,0.6049793384901669,0.52,0.5952,0.5803814837386412,25.2,31.321600000000004,21.751976094139128,1.04,2.784,3.128705802724187,0.44,0.42560000000000003,0.32738967607424646,0.48,0.5552,0.4588856066603092,0.0,0.06720000000000001,0.09846826900072937,0.32,0.9440000000000001,1.289909557553035,1.84,2.12,1.4116184564770562,0.2,0.44480000000000003,0.5395454877332709,0.32,0.47839999999999994,0.44474412119030127,47.3,45.18,20.939854345243187
Chelsea,1.08,3.1248,11.623414988719968,0.56,2.728,10.641384621686534,49.16,236.88159999999996,914.7067729409243,0.04,0.39679999999999993,1.5238075119034338,0.04,0.17120000000000002,0.5055056874061853,0.12,0.352,1.0016652800877812,0.0,0.0016,0.008,0.036000000000000004,0.29472000000000004,0.9653073569248986,0.036000000000000004,0.28976,0.9638195405088374,0.044000000000000004,0.23984000000000003,0.8087558181140543,0.68,2.7728,7.583338930400864,1.48,9.2352,34.43292091395482,0.72,3.1344,4.67875880976996,0.07,0.147,0.20689167858245694,0.06,0.1352,0.18632677388573726,0.09,0.15859999999999996,0.1784512071501152,0.09,0.1562,0.17127755252805313,1.3050000000000002,1.3050000000000002,0.27577164466275345,74.05000000000001,74.05000000000001,3.7476659402887,22.65,22.65,8.414570696119917,10.0,10.0,14.142135623730951,32.349999999999994,29.00227272727273,21.732554455474702,0.0124,0.018688,0.019895902425709003,0.0032,0.003263636363636364,0.0031877063637468024,0.606,0.6133636363636363,0.1828758479339898,22.88,115.51520000000001,446.94100614734384,84.5,83.584,6.250311992212868,337.32,2076.5968,8120.53870202316,91.6,90.814,5.680806867573185,90.0,88.11200000000001,7.258232107981483,57.7,56.59,18.077241677497888,0.4,1.3856000000000004,3.545436127380288,1.12,8.6576,32.41293585386345,0.28,1.0304,2.5441509389185226,0.0,0.2144,0.5342758338785938,1.48,9.2352,34.43292091395482,0.72,3.9056,11.597849685753534,0.07719999999999999,0.095664,0.06641713433545092,0.12,0.4656,1.513885949028746,0.008,0.010367999999999999,0.009763824387332387,0.52,3.5744,13.687346370522912,0.36,2.5551999999999997,10.150877269149369,0.48,3.72,14.718315120964082,0.28,1.6079999999999999,6.082729650411894,0.36,2.8416,11.686256771667022,0.08,1.2704,5.606416324177147,0.28,1.5712000000000002,6.084609217799721,0.32,3.0384,13.241130263941468,33.48,164.37439999999998,639.5341357457005,0.8,15.684800000000001,61.67377543170192,5.32,67.0736,281.80189464231785,10.68,78.8496,312.5384166850533,5.12,20.075200000000002,52.80244984215537,0.52,4.1824,12.621262905641945,0.6,2.4528,6.555859669028922,45.6,44.55869565217392,16.87163200177037,40.0,40.71304347826087,21.52960550134345,22.28,87.22400000000002,329.98333675101435,118.0,387.26239999999996,1365.2859003681244,64.56,197.40640000000002,684.1556835185006,0.68,2.7728,7.583338930400864,0.48,1.8256000000000001,5.537434785169032,0.08,0.5568,0.9166547878018202,0.52,1.3744,3.529983569366861,0.28,1.3552000000000002,4.542089387055257,25.84,108.8336,414.14256718832144,0.72,3.1344,4.67875880976996,0.48,2.2528,8.088747080564042,0.44,2.6832,10.129106048084074,0.04,0.1904,0.5177232207785675,0.16,1.9952,5.176605322667228,1.76,10.4768,41.065049080696355,0.4,5.0432,22.42577659747818,0.4,3.52,14.745024019422056,41.05,45.477083333333326,26.070656414938945
Leicester City,0.84,0.7983999999999999,0.39267968286293264,0.56,0.5903999999999999,0.40682182832291586,55.64,53.014399999999995,33.650873946055746,0.0,0.0384,0.07525955088890711,0.0,0.0352,0.04805552344250693,0.08,0.1216,0.10675829397912527,0.0,0.0,0.0,0.012,0.044320000000000005,0.08668656181900398,0.012,0.04176,0.0751893609495386,0.016,0.03632,0.0456642821761896,0.56,0.8111999999999999,0.9266800958259543,1.24,1.5583999999999998,1.4267202482149985,0.8,1.472,1.6273905493150684,0.0,0.0508,0.08400992004916245,0.0,0.058800000000000005,0.0867140895894856,0.04,0.062400000000000004,0.08372972391371337,0.02,0.0672,0.08299196748280321,2.19,2.6333333333333333,1.207656132072923,61.3,55.26666666666667,13.317782598215565,3.7,6.0,7.422263805605403,25.0,25.0,,36.4,34.509523809523806,23.494401562114852,0.008,0.010624,0.010970919134998064,0.0,0.0020952380952380953,0.0028646947813818126,0.672,0.7104761904761905,0.23814777325173944,17.2,20.209600000000002,15.111590606771568,77.8,78.324,8.499474493559394,269.96,340.09439999999995,261.66841202305386,89.6,88.85199999999999,7.111089930524012,83.7,84.83599999999998,9.034603846692265,53.9,55.928000000000004,17.726945591387143,0.24,0.35359999999999997,0.378713612113428,1.08,1.4127999999999998,1.2905668005441127,0.2,0.30079999999999996,0.3429518916699542,0.04,0.0912,0.15938214036292356,1.24,1.5583999999999998,1.4267202482149985,0.56,0.8128,0.7591855284887,0.0508,0.053184,0.039498097844495414,0.04,0.07680000000000001,0.0965539572812356,0.004,0.00496,0.005829808458831787,0.84,1.0336,0.9067656808679959,0.44,0.6048,0.5480048661584433,0.72,0.9951999999999999,0.8857629479719729,0.4,0.512,0.4849742261192857,0.68,0.7120000000000001,0.5707305260219864,0.16,0.2816,0.3295410950599839,0.32,0.4304,0.35086179615341423,0.36,0.46879999999999994,0.48532051265117576,32.16,31.147199999999998,21.340124085862296,1.6,4.185599999999999,6.8003615590153235,6.64,11.655999999999999,11.501483962225628,12.96,14.140800000000002,11.364794293489581,3.92,5.6240000000000006,5.3883701926773115,0.6,0.8544000000000002,0.9806718785268258,0.44,0.8543999999999999,1.0603697468336222,42.0,43.847826086956516,28.79873528733853,47.6,48.29565217391305,25.991510471705766,18.6,17.624000000000002,11.664338815380836,92.16,87.5184,58.01773921827703,42.2,43.5744,30.5282620533826,0.56,0.8111999999999999,0.9266800958259543,0.28,0.4992000000000001,0.4884151239809567,0.08,0.19519999999999998,0.2569876780444281,0.52,0.6352,0.5747254416965838,0.32,0.4288,0.4991352522112618,19.32,19.8304,13.446745727746421,0.8,1.472,1.6273905493150684,0.48,0.5552,0.4274451231834717,0.44,0.4831999999999999,0.3917346040369679,0.04,0.0848,0.1980976190333106,0.32,0.8495999999999999,1.1052167208289965,1.6,2.0672,1.5132182041375701,0.4,0.6896000000000001,0.6815942096780655,0.6,0.7472000000000001,0.6721825148970578,50.0,49.547826086956526,19.999883398869592
West Ham,1.0,0.9546313799621929,0.33792180006249684,0.6086956521739131,0.6880907372400756,0.4549950330896868,58.56521739130435,61.62759924385634,38.16037337672956,0.0,0.06805293005671077,0.11032462134700634,0.043478260869565216,0.041587901701323246,0.06616993551430708,0.08695652173913043,0.13232514177693763,0.1138903070493476,0.0,0.005671077504725897,0.014971748764134386,0.0608695652173913,0.07996219281663515,0.09732404448390389,0.0608695652173913,0.07561436672967863,0.09011782334022099,0.04782608695652174,0.0553875236294896,0.06181114476331888,0.6521739130434783,1.0378071833648392,1.3118561464054186,1.3478260869565217,1.9792060491493386,1.7777273166342211,1.0869565217391304,2.0302457466918717,2.4739382169300965,0.0,0.09391304347826088,0.1345949860755587,0.03,0.07739130434782608,0.14454371441018826,0.07,0.13478260869565217,0.16169189458567043,0.07,0.09956521739130435,0.10372508510785812,1.7,1.7,0.028284271247461926,68.85,68.85,8.131727983645291,17.45,17.45,1.0606601717798212,0.0,0.0,,28.0,24.376190476190477,14.72949098787547,0.01,0.016862003780718334,0.018545196840666515,0.0017391304347826088,0.0022774327122153212,0.0028639759859511982,0.6782608695652174,0.765217391304348,0.2541489374749769,22.17391304347826,23.489603024574674,17.460751742587572,79.9,78.2173913043478,7.921699322626603,369.4347826086956,414.3894139886579,315.74261612170335,89.8,88.62608695652175,7.11152824589025,85.7,83.37391304347827,10.781601221580482,54.9,54.67391304347826,16.40812485523017,0.391304347826087,0.5368620037807184,0.5423480256565185,1.608695652173913,1.7069943289224951,1.4408911402694344,0.21739130434782608,0.45368620037807184,0.5419069913831492,0.043478260869565216,0.11909262759924387,0.15467586990245802,1.3478260869565217,1.9792060491493386,1.7777273166342211,0.782608695652174,1.3421550094517958,1.3297464149482503,0.07956521739130436,0.09483931947069943,0.06687810514450888,0.08695652173913043,0.10207939508506617,0.13724556715647598,0.004347826086956522,0.006162570888468808,0.007499386666693315,0.7391304347826086,1.0359168241965973,0.8784772728649293,0.4782608695652174,0.610586011342155,0.5170205369084263,0.9565217391304348,0.8695652173913045,0.6414132017216689,0.30434782608695654,0.41020793950850665,0.3271592611472457,0.8260869565217391,0.7580340264650284,0.5784148041651024,0.17391304347826086,0.28922495274102084,0.3688341282136248,0.4782608695652174,0.46880907372400765,0.33931193119888203,0.34782608695652173,0.5557655954631381,0.6486010858572526,32.08695652173913,36.746691871455575,25.35832111145506,1.826086956521739,4.950850661625709,7.757741803358737,8.521739130434783,13.75992438563327,13.566895036407228,15.91304347826087,15.434782608695652,12.31079175945356,5.043478260869565,7.922495274102078,7.999859902985141,1.0434782608695652,1.3950850661625709,1.6984831462278274,0.6086956521739131,1.3100189035916825,1.9738061448229396,47.6,51.82272727272728,23.564277480121753,42.1,36.24545454545454,23.69604602887573,14.695652173913043,18.79017013232514,13.564847796816643,63.608695652173914,95.98865784499054,75.35231018931239,33.130434782608695,48.78260869565217,40.37965769364896,0.6521739130434783,1.0378071833648392,1.3118561464054186,0.43478260869565216,0.6540642722117203,0.7318260631065007,0.08695652173913043,0.2986767485822307,0.5841029077812543,0.5217391304347826,0.8109640831758034,0.8473048662002816,0.2608695652173913,0.6578449905482041,0.9898352913880912,20.91304347826087,23.41209829867675,16.667568759505603,1.0869565217391304,2.0302457466918717,2.4739382169300965,0.6521739130434783,0.716446124763705,0.5992877661356586,0.5217391304347826,0.6805293005671078,0.743258490465307,0.043478260869565216,0.12665406427221174,0.18301903993079155,0.4782608695652174,0.952741020793951,1.1833839184514916,2.0,2.527410207939509,2.067402810732022,0.4782608695652174,0.9697542533081286,1.1754078305301567,0.782608695652174,0.9149338374291114,0.816722274859401,50.0,51.65217391304348,16.86192239566623
Arsenal,1.0869565217391304,2.419659735349716,6.760270409195142,0.782608695652174,1.332703213610586,2.777744287418293,66.91304347826087,124.34404536862006,272.8315329167002,0.08695652173913043,0.23818525519848774,0.5673219507259156,0.08695652173913043,0.21739130434782614,0.5712659037365646,0.13043478260869565,0.24196597353497165,0.5601515284516254,0.0,0.00945179584120983,0.022540646065742697,0.08695652173913043,0.23950850661625714,0.6251157831141905,0.08695652173913043,0.23667296786389416,0.6252077518084603,0.0391304347826087,0.2013232514177694,0.5703272137541722,1.0869565217391304,6.913043478260869,25.826562724354346,2.5652173913043477,7.438563327032137,19.787676513032284,2.4782608695652173,10.782608695652176,36.01566843156749,0.1,0.15956521739130433,0.16100475037795864,0.1,0.13521739130434784,0.14687253487965776,0.1,0.15043478260869564,0.1380210214841982,0.09,0.11826086956521736,0.11463983814590188,0.89,0.89,,74.1,74.1,,34.3,34.3,,0.0,0.0,,32.099999999999994,28.868181818181814,16.94631260252539,0.010869565217391304,0.018062381852551983,0.01745380481855636,0.005652173913043478,0.005849802371541504,0.005528552996920303,0.6608695652173913,0.6387351778656126,0.21137389942813345,21.217391304347824,57.91115311909263,130.29425399403982,83.0,82.51739130434783,6.1866904189494525,327.1304347826087,903.8563327032138,1929.688943242471,91.9,90.95217391304348,4.585339242453,86.0,84.93478260869566,7.665365358999957,53.4,55.713043478260886,9.654311535541853,0.5217391304347826,2.3005671077504726,7.4226597538570465,1.7826086956521738,3.2627599243856324,4.189067479561438,0.391304347826087,2.574669187145558,8.573619567427775,0.08695652173913043,0.4877126654064272,1.7203510055676559,2.5652173913043477,7.438563327032137,19.787676513032284,1.1304347826086956,5.408317580340264,17.684522916097183,0.10478260869565217,0.10743856332703214,0.059432570506618175,0.13043478260869565,0.32892249527410206,0.5853551698334536,0.01,0.01232514177693762,0.012852761634106829,0.8695652173913043,2.113421550094518,5.075520727962986,0.5652173913043478,1.33648393194707,3.390929780452378,0.9565217391304348,2.5822306238185253,7.954391160887685,0.4782608695652174,1.5311909262759926,5.135589902195905,0.43478260869565216,1.8998109640831757,6.276268869034631,0.043478260869565216,0.1833648393194707,0.29311762990803303,0.391304347826087,1.7164461247637048,6.3071939815703955,0.2608695652173913,1.005671077504726,2.8388070183576333,33.56521739130435,84.16824196597354,195.4547503305187,1.3043478260869565,3.758034026465028,7.553598661484423,5.6521739130434785,14.321361058601136,21.227026497247245,13.173913043478262,31.68241965973535,62.66453569732211,9.782608695652174,39.08317580340265,120.49800277944273,1.7391304347826086,6.470699432892252,19.93511407939864,1.0434782608695652,5.497164461247637,20.06970507280545,44.0,48.96521739130435,22.159086145737806,37.1,37.26521739130435,17.70712770444439,19.26086956521739,56.11531190926276,146.51791529750528,114.82608695652173,367.8052930056711,1112.3422218004648,64.04347826086956,186.28355387523627,546.2885393448692,1.0869565217391304,6.913043478260869,25.826562724354346,0.9565217391304348,3.9357277882797725,14.327677010041642,0.21739130434782608,3.0453686200378076,12.092311765148507,0.782608695652174,2.533081285444234,7.968890550088899,0.6086956521739131,1.6313799621928167,4.534317969769428,25.0,62.82797731568998,154.53552606326124,2.4782608695652173,10.782608695652176,36.01566843156749,0.6086956521739131,1.5519848771266542,3.9370243386560904,0.7391304347826086,1.9187145557655954,5.672134174342004,0.08695652173913043,0.2684310018903592,0.5700089051069231,0.4782608695652174,4.120982986767486,13.17852980402035,2.347826086956522,5.990548204158791,16.37967293942819,0.43478260869565216,0.829867674858223,0.8584179811704067,0.782608695652174,1.2892249527410207,2.2734753731887327,50.0,45.95217391304348,20.92492792569791
Newcastle Utd,1.173913043478261,0.9810964083175804,0.43117596723396434,0.5652173913043478,0.7069943289224953,0.5330166851174242,61.43478260869565,63.47069943289225,44.397555339446896,0.0,0.11909262759924387,0.21787195532323206,0.043478260869565216,0.09073724007561436,0.12361140978354378,0.08695652173913043,0.111531190926276,0.13163224179378163,0.0,0.001890359168241966,0.009065844089438033,0.021739130434782608,0.1107750472589792,0.18544693214519511,0.021739130434782608,0.10321361058601135,0.16358785217043353,0.0391304347826087,0.08052930056710775,0.09741344297022672,0.6086956521739131,1.264650283553875,1.4081193035753783,2.4347826086956523,2.6597353497164455,2.6477528165356743,0.9565217391304348,2.640831758034026,3.015518589140947,0.0,0.16347826086956524,0.2605520135762841,0.04,0.10652173913043479,0.13161958598559623,0.11,0.14304347826086955,0.1634412539056797,0.08,0.09913043478260869,0.09258475446256409,1.2650000000000001,1.2650000000000001,0.09192388155425125,70.6,70.6,0.14142135623731153,39.6,39.6,14.707821048680188,50.0,50.0,,25.0,22.91904761904762,17.24466929365765,0.012173913043478262,0.01614366729678639,0.0181292567212957,0.002173913043478261,0.003788819875776398,0.004723233923738341,0.6391304347826087,0.6790890269151139,0.16009578328415405,19.956521739130434,26.062381852551983,22.253445008801336,81.8,79.65217391304347,6.948895894327215,284.2173913043478,439.06427221172027,393.66991442608634,88.6,87.70869565217392,7.715622466108985,86.6,85.26521739130435,11.195112923042974,51.5,54.019047619047626,12.84272630898981,0.34782608695652173,0.6748582230623817,0.7037412072298235,1.1304347826086956,1.9206049149338373,2.0558724364980945,0.34782608695652173,0.6483931947069942,0.7819401012601928,0.0,0.12098298676748583,0.1966188336778893,2.4347826086956523,2.6597353497164455,2.6477528165356743,1.173913043478261,1.570888468809074,1.5346322440213864,0.08739130434782608,0.09035916824196598,0.061034453711413805,0.13043478260869565,0.2079395085066163,0.234488368447403,0.01,0.009905482041587903,0.009622498734716683,0.9565217391304348,1.0359168241965973,0.9285019425660157,0.6086956521739131,0.6332703213610585,0.5801947049733152,1.173913043478261,1.0189035916824196,0.9508298206401687,0.391304347826087,0.4877126654064273,0.4645827967877939,0.7391304347826086,0.727788279773157,0.6060384393883063,0.13043478260869565,0.24385633270321366,0.31263124219428445,0.391304347826087,0.4839319470699433,0.43897276311268313,0.2608695652173913,0.46880907372400765,0.5003790489218685,32.47826086956522,39.04914933837429,31.038305456769724,1.1304347826086956,3.9130434782608687,6.188648006787601,5.304347826086956,12.801512287334592,14.509443245837122,9.782608695652174,16.35349716446125,14.931511769070335,5.521739130434782,10.274102079395087,9.685654239910534,1.3478260869565217,1.8128544423440451,1.99024234166458,0.30434782608695654,1.149338374291115,1.3229780239509308,47.7,43.628571428571426,16.964673379029225,42.9,44.03809523809524,16.738532677342903,20.47826086956522,22.26654064272212,18.173758459295975,94.26086956521739,119.60680529300568,95.57625218910839,64.1304347826087,60.56521739130434,48.56839491234577,0.6086956521739131,1.264650283553875,1.4081193035753783,0.5652173913043478,0.7750472589792061,0.7330196328054246,0.17391304347826086,0.45368620037807184,0.6774833496953048,0.4782608695652174,0.8090737240075613,0.7540620513735374,0.30434782608695654,0.7674858223062381,0.8757299948200311,23.391304347826086,25.873345935727794,21.343800337847853,0.9565217391304348,2.640831758034026,3.015518589140947,0.391304347826087,0.669187145557656,0.7183475637028677,0.4782608695652174,0.7655954631379961,1.0198863977822725,0.08695652173913043,0.1323251417769376,0.18699708212908592,0.391304347826087,1.162570888468809,1.6795739907471434,2.0,2.8260869565217392,2.497360696521565,0.30434782608695654,0.8034026465028354,1.1965946386309965,0.5217391304347826,0.773156899810964,0.8329191695293325,50.0,49.67826086956522,23.862845911998065
Bournemouth,1.1304347826086956,0.9659735349716442,0.4426087192858832,0.7391304347826086,0.7258979206049151,0.5057556306822303,72.6086956521739,64.98298676748583,43.669307022898685,0.043478260869565216,0.10207939508506617,0.1559986294021589,0.043478260869565216,0.07372400756143667,0.08933004026421572,0.13043478260869565,0.168241965973535,0.1338834908012942,0.0,0.003780718336483932,0.012526263718262187,0.04782608695652174,0.1168241965973535,0.15567571281718226,0.04782608695652174,0.10642722117202268,0.1376331835745225,0.04782608695652174,0.07882797731568997,0.08169143705536057,0.8260869565217391,1.2948960302457466,1.4970301425129087,1.8695652173913044,2.5406427221172025,2.260976969437157,1.3478260869565217,2.5047258979206046,3.1104914553936847,0.03,0.13521739130434782,0.18007244918788032,0.04,0.10043478260869565,0.11451392376116482,0.08,0.1808695652173913,0.20232541393144277,0.1,0.12826086956521737,0.14858888291686634,1.0,1.0833333333333333,0.14433756729740646,80.0,80.0,4.599999999999994,20.0,15.0,13.228756555322953,0.0,0.0,,29.7,25.02,16.673035274453117,0.006521739130434782,0.023402646502835536,0.028243732162985598,0.002826086956521739,0.0026086956521739132,0.002463543759695519,0.7152173913043478,0.6871739130434782,0.190258609460344,18.956521739130434,21.939508506616257,17.762770707923856,74.3,73.94782608695652,6.601574851036226,308.17391304347825,397.8563327032136,343.5766273403603,88.0,86.88260869565217,7.104137857865464,78.3,81.5913043478261,10.824127638310385,48.0,46.713043478260865,17.902851584640366,0.4782608695652174,0.773156899810964,0.7199268309973473,1.608695652173913,2.0982986767485823,2.073748445639885,0.30434782608695654,0.5746691871455577,0.6030164938548489,0.08695652173913043,0.17580340264650285,0.24046635851439224,1.8695652173913044,2.5406427221172025,2.260976969437157,1.2173913043478262,1.7731568998109644,1.5802395354731094,0.10217391304347827,0.11183364839319469,0.08122218550671156,0.08695652173913043,0.1720226843100189,0.18234418112467057,0.009130434782608695,0.009924385633270322,0.008994520275170951,0.9130434782608695,1.2136105860113422,1.017792651106236,0.43478260869565216,0.6994328922495275,0.6297751821984752,1.0869565217391304,1.1058601134215502,0.92685081294012,0.5652173913043478,0.5879017013232513,0.4669649797957301,0.6956521739130435,0.8185255198487712,0.7258339212492969,0.13043478260869565,0.24952741020793953,0.3157702365537913,0.34782608695652173,0.5689981096408318,0.5496351714555979,0.43478260869565216,0.6257088846880907,0.6792456530831132,34.04347826086956,37.039697542533084,27.229552249932848,1.9130434782608696,3.9243856332703206,6.672425416354325,6.913043478260869,11.173913043478262,12.186702767822931,13.695652173913043,15.899810964083176,14.03981544508393,5.782608695652174,10.423440453686199,10.356709056287844,0.8260869565217391,1.718336483931947,2.0905301076080782,0.6956521739130435,1.1739130434782608,1.408917661713253,41.900000000000006,43.30499999999999,19.22477773466753,45.099999999999994,42.919999999999995,19.205772158664338,21.0,19.914933837429118,14.88242560536088,108.6086956521739,117.31379962192817,97.94800128951792,51.43478260869565,62.67863894139888,56.479825960493685,0.8260869565217391,1.2948960302457466,1.4970301425129087,0.7391304347826086,0.9187145557655955,0.8926100864458288,0.043478260869565216,0.39508506616257083,0.6968755354107156,0.782608695652174,1.0207939508506616,0.9343338903918286,0.34782608695652173,0.6124763705103969,0.7488219588682082,18.91304347826087,21.71833648393195,16.104305726289407,1.3478260869565217,2.5047258979206046,3.1104914553936847,0.6956521739130435,0.8922495274102079,0.7819353235296588,0.43478260869565216,0.6786389413988657,0.604124440535197,0.0,0.11909262759924388,0.22061537741214737,0.43478260869565216,1.43289224952741,1.798802291032951,2.5217391304347827,3.1814744801512282,2.4929752542847687,0.8695652173913043,1.0075614366729677,0.9259071411386356,0.9565217391304348,1.071833648393195,0.9143232791989175,47.0,50.15909090909091,18.420476677843087
Wolves,1.1304347826086956,0.9905482041587902,0.387986930643395,0.6521739130434783,0.7240075614366729,0.47422093484205974,59.30434782608695,65.0094517958412,38.07054250538549,0.043478260869565216,0.0945179584120983,0.1712504549527982,0.043478260869565216,0.07372400756143667,0.09671950558919716,0.08695652173913043,0.13988657844990549,0.11939910972525915,0.0,0.003780718336483932,0.012526263718262187,0.034782608695652174,0.07655954631379962,0.107820501659777,0.034782608695652174,0.07655954631379962,0.107820501659777,0.0391304347826087,0.06086956521739131,0.07736643025232566,0.5217391304347826,1.0245746691871456,1.2082396050791222,1.3478260869565217,1.996219281663516,1.786889348125233,1.2173913043478262,1.9678638941398865,2.0766054808999517,0.07,0.12217391304347826,0.16700453237559781,0.04,0.10043478260869568,0.13026121521666884,0.08,0.11130434782608696,0.11721403685046689,0.07,0.07956521739130434,0.07606685222818897,2.05,2.05,0.5374011537017763,61.75,61.75,0.3535533905932738,12.95,12.95,18.31406563273158,16.65,16.65,23.546655813512032,28.6,30.590476190476195,17.02130737522546,0.01,0.015198487712665404,0.017465493075598183,0.0030434782608695656,0.004265010351966874,0.005119773461321907,0.7869565217391304,0.7846790890269152,0.24655899974380854,21.043478260869566,24.502835538752358,17.887001034140756,80.4,77.84347826086957,8.718362340327063,412.1304347826087,418.0831758034025,282.22684020182203,90.4,88.3304347826087,6.924688032527248,86.5,84.84347826086957,9.379563184583642,56.0,52.452173913043474,15.721781924370735,0.43478260869565216,0.5387523629489603,0.5425270934184816,1.1304347826086956,1.7069943289224951,1.4458322507419399,0.17391304347826086,0.4706994328922496,0.5513114820290388,0.043478260869565216,0.12098298676748584,0.15172521184855248,1.3478260869565217,1.996219281663516,1.786889348125233,0.9130434782608695,1.2835538752362947,1.2194272617693993,0.07434782608695652,0.0774102079395085,0.046115748754900605,0.13043478260869565,0.17013232514177695,0.1801800876243804,0.007826086956521738,0.010982986767485823,0.01043331461289873,0.9130434782608695,1.3950850661625709,1.2258958337483759,0.5652173913043478,0.8223062381852551,0.7643807233764512,0.8260869565217391,1.166351606805293,1.025927181061538,0.34782608695652173,0.5311909262759924,0.5782856129716377,0.6956521739130435,0.7844990548204159,0.5481582312125305,0.17391304347826086,0.2551984877126654,0.26293789663178996,0.43478260869565216,0.5293005671077504,0.4540498056038593,0.391304347826087,0.5255198487712665,0.42739032796125304,32.869565217391305,38.07939508506617,24.880945778329686,2.5652173913043477,4.497164461247636,6.584896116355919,13.217391304347826,13.525519848771266,11.170082186116248,14.304347826086957,17.115311909262758,13.75113055200431,5.391304347826087,7.901701323251419,8.099667190141044,1.0,1.2306238185255196,1.3847073578382794,0.6086956521739131,1.2344045368620038,1.514536263875077,45.6,44.13809523809523,22.43453757469666,41.7,42.95238095238095,22.981636561559732,16.956521739130434,20.896030245746694,13.362873026280182,89.91304347826087,112.72589792060491,76.46237640250378,45.130434782608695,57.76937618147448,39.61158607395676,0.5217391304347826,1.0245746691871456,1.2082396050791222,0.5652173913043478,0.7788279773156902,0.9493001776046665,0.13043478260869565,0.2476370510396976,0.3777709749824828,0.6956521739130435,1.001890359168242,0.9887212601859167,0.4782608695652174,0.6275992438563327,0.6646793255147299,20.956521739130434,24.31379962192817,16.119910465263164,1.2173913043478262,1.9678638941398865,2.0766054808999517,0.6521739130434783,0.8601134215500944,0.7610058061805962,0.43478260869565216,0.7353497164461248,0.7428311266650317,0.043478260869565216,0.10964083175803403,0.14412333442075223,0.43478260869565216,0.9413988657844988,1.3344747810802164,1.8695652173913044,2.8525519848771266,2.2041275443425774,0.43478260869565216,0.7712665406427222,0.7622762142826133,0.6956521739130435,0.8279773156899811,0.8552656527683188,40.7,46.15652173913044,23.201701075704
Everton,1.1818181818181819,2.712809917355372,7.851539457604251,0.7272727272727273,1.4442148760330578,2.963271556776641,67.70454545454545,147.9648760330579,352.5680870245602,0.045454545454545456,0.1983471074380165,0.6131424105483466,0.045454545454545456,0.30578512396694224,1.2322076362494785,0.13636363636363635,0.6756198347107438,2.450104024590694,0.0,0.004132231404958678,0.013374770144011358,0.05,0.25971074380165293,0.8565697395554255,0.05,0.25640495867768603,0.8568044415296926,0.04772727272727273,0.26756198347107446,0.9811378268974441,0.5454545454545454,3.4049586776859497,11.622124244649491,2.0,7.5867768595041305,26.294116089852817,1.1363636363636362,4.27892561983471,10.896839219214478,0.04,0.09,0.12994504332876375,0.035,0.0684090909090909,0.08634629012402222,0.05,0.1206818181818182,0.13801566038251786,0.055,0.09477272727272724,0.11764026352287554,1.23,1.23,,71.1,71.1,,28.6,28.6,,100.0,100.0,,36.2,34.18095238095238,24.262658944304086,0.010681818181818181,0.024824380165289258,0.04773262863259885,0.0018181818181818182,0.0036255411255411256,0.004828931078823751,0.7636363636363637,0.7734848484848484,0.24106055844427465,21.386363636363637,47.19214876033059,118.43261345555565,74.15,75.05454545454546,8.474371856071595,362.02272727272725,863.603305785124,2116.192136604873,87.35,85.66818181818182,7.679123608455549,83.19999999999999,80.56590909090909,12.292829756403261,59.0,58.35227272727273,15.770440079561203,0.45454545454545453,2.12396694214876,7.336170542771028,1.7954545454545454,4.384297520661156,11.473389701657887,0.36363636363636365,2.9690082644628104,11.691195777587728,0.09090909090909091,0.6962809917355371,2.455602881240656,2.0,7.5867768595041305,26.294116089852817,1.3181818181818183,4.853305785123968,16.482826690886455,0.08,0.09063016528925619,0.06361896530167398,0.09090909090909091,0.6363636363636364,2.4586705756580027,0.005,0.007541322314049586,0.006712249357599057,1.3181818181818181,2.834710743801653,6.6363272467505166,0.8181818181818181,1.471074380165289,3.018522950997007,1.1590909090909092,2.4132231404958677,5.403092623293555,0.4545454545454546,1.382231404958678,3.6260041584647515,0.6818181818181818,1.5247933884297522,3.615598919076882,0.13636363636363635,0.396694214876033,0.7032255221634115,0.45454545454545453,1.128099173553719,3.0215882163199552,0.5,1.2830578512396693,3.019317701364871,36.90909090909091,79.48553719008264,196.67543556633433,1.4772727272727273,5.915289256198347,11.134179443500804,9.045454545454545,19.896694214876035,33.521378817455194,14.545454545454545,34.04752066115703,88.5380612366168,9.477272727272727,27.237603305785125,84.48522727011368,0.9772727272727273,3.5847107438016534,10.312151826658383,0.9090909090909091,3.576446280991736,10.98081926131528,46.0,45.5452380952381,18.591919647806037,46.5,46.983333333333334,18.764243478843834,18.295454545454547,43.03512396694215,115.66550411149056,89.29545454545455,255.16528925619835,735.856180973049,41.38636363636364,135.8512396694215,409.2590951009265,0.5454545454545454,3.4049586776859497,11.622124244649491,0.5227272727272727,3.0371900826446283,11.029687286851663,0.11363636363636363,0.4917355371900827,1.2322439292079022,0.6590909090909092,2.4132231404958677,6.67155334122651,0.5681818181818181,2.1735537190082646,6.693060253838925,20.886363636363637,49.71487603305784,131.11396695298785,1.1363636363636362,4.27892561983471,10.896839219214478,0.75,2.2665289256198347,6.669110563286644,0.7045454545454546,1.882231404958678,5.457118063791763,0.06818181818181818,0.2892561983471075,0.6511191972904623,0.4772727272727273,2.739669421487603,6.742512015842636,2.840909090909091,6.9235537190082646,18.715261070131696,0.6590909090909092,2.8512396694214877,7.921448546298911,0.7727272727272727,1.8491735537190082,3.643131860471379,50.6,49.10681818181818,20.16750271065844
Crystal Palace,1.3636363636363635,9.051652892561982,23.23185456225821,1.1136363636363638,6.5599173553719,18.793814798700307,99.25,594.3822314049587,1677.837742891631,0.0,0.7355371900826445,3.0881269744105286,0.022727272727272728,0.06611570247933884,0.09381426458237985,0.13636363636363635,1.7355371900826446,5.089742374881809,0.0,0.14049586776859505,0.6186319170727868,0.05454545454545454,0.7506198347107437,2.2018172950399415,0.05454545454545454,0.6398760330578512,1.7336955838457473,0.06818181818181818,0.25268595041322317,0.6232092158051902,0.9090909090909092,8.557851239669422,26.769392782955663,3.0681818181818183,22.000000000000004,69.64419750675357,1.0909090909090908,13.96487603305785,47.919885366942495,0.0,0.07772727272727274,0.12663903777053065,0.015,0.059090909090909104,0.08041020374181915,0.07500000000000001,0.17227272727272724,0.24149695488924747,0.11499999999999999,0.10340909090909091,0.07358808074481647,1.38,1.38,,66.9,66.9,,29.4,29.4,,50.0,50.0,,31.25,30.556818181818183,19.146691218903456,0.015227272727272726,0.021766528925619835,0.020621484688224168,0.0,0.0022727272727272726,0.0032049253712345626,0.8431818181818181,0.8228305785123968,0.25760040365222703,28.204545454545453,276.202479338843,967.7378054005285,75.69999999999999,74.61590909090908,6.2511405885653115,474.52272727272725,5638.318181818183,21145.72356318473,85.3,85.05909090909091,6.312226163105939,81.65,80.65681818181818,9.393314434245564,47.2,50.62954545454545,18.53375722638038,0.7045454545454546,3.31198347107438,9.241824146168884,1.9090909090909092,29.216942148760324,114.45346657821507,0.5454545454545454,3.004132231404959,8.299157497565858,0.09090909090909091,1.4421487603305787,4.609061063160235,3.0681818181818183,22.000000000000004,69.64419750675357,2.0,10.805785123966944,28.210117692486918,0.09954545454545455,0.10795454545454546,0.0661547147298795,0.1590909090909091,0.6818181818181818,1.6685742723420858,0.006590909090909091,0.007820247933884299,0.007446734336418842,1.6136363636363638,8.380165289256198,21.358074920650612,0.8409090909090908,5.02892561983471,13.189440589526491,1.6363636363636362,6.847107438016528,17.19011083611045,0.7045454545454546,3.6239669421487606,9.073925497333846,1.0909090909090908,7.458677685950414,22.036158209019327,0.11363636363636363,3.6756198347107447,16.075525795611817,0.6818181818181818,3.7830578512396698,10.443735535143395,0.5,6.107438016528925,19.554671869991658,46.0,428.09710743801656,1391.828007032502,1.8181818181818181,47.64256198347106,188.68286721181354,10.204545454545453,174.7479338842975,692.2520117997956,19.522727272727273,195.68181818181822,629.3269467792893,9.431818181818182,62.636363636363626,182.2020455413414,1.3409090909090908,12.475206611570247,33.00252732404365,0.6136363636363636,9.719008264462808,35.73916349376532,40.0,42.82857142857143,21.96424692214925,47.6,46.26190476190476,25.321758947404824,22.613636363636363,246.2004132231405,807.1589603666038,106.22727272727272,1287.9628099173553,4025.6952782304984,48.65909090909091,632.0743801652893,2032.8419865827027,0.9090909090909092,8.557851239669422,26.769392782955663,0.8409090909090908,6.845041322314051,20.738579447663867,0.11363636363636363,1.9380165289256197,5.736173689656153,0.7954545454545454,10.018595041322316,32.396460138331044,0.7045454545454546,6.161157024793389,21.558883641029453,25.43181818181818,290.1942148760331,964.8184657325642,1.0909090909090908,13.96487603305785,47.919885366942495,0.9545454545454546,7.74380165289256,20.783793340360795,0.9090909090909092,9.311983471074381,30.905434261213234,0.045454545454545456,1.18801652892562,3.83515849268569,0.9318181818181818,10.34297520661157,35.99999925464801,4.431818181818182,30.18801652892562,85.27203187794449,0.8181818181818182,14.24793388429752,44.263661052185505,1.5,13.824380165289254,39.419077798714305,43.675,43.26590909090909,19.418176232123816
Nott'ham Forest,1.3636363636363635,3.710743801652892,12.174842493403618,0.9772727272727273,2.6136363636363638,8.532108833644461,90.93181818181819,227.55578512396698,731.7136443488077,0.045454545454545456,0.10743801652892561,0.18952573139854026,0.045454545454545456,0.34090909090909094,1.2284946618521118,0.09090909090909091,0.6776859504132231,2.4513330385850183,0.0,0.13429752066115702,0.6198343827888414,0.07045454545454545,0.16487603305785123,0.37102393450127924,0.07045454545454545,0.16012396694214875,0.3669302435837072,0.05,0.35185950413223144,1.3524087996516676,0.6818181818181819,2.4834710743801653,6.127925021070489,1.8409090909090908,10.045454545454543,37.438295028905756,1.0454545454545454,2.9152892561983466,4.635499780623876,0.05500000000000001,0.11863636363636365,0.16371564938274488,0.055,0.09090909090909091,0.11139415607947306,0.07,0.11386363636363638,0.13253868993242815,0.065,0.08477272727272728,0.08174404409245205,1.21,1.21,,73.8,73.8,,38.2,38.2,,0.0,0.0,,36.45,38.455,25.993936033742866,0.013181818181818183,0.019659090909090907,0.019158526666677174,0.002727272727272727,0.0035909090909090912,0.0038566641283908883,0.8545454545454546,0.8582954545454546,0.27375928643920144,20.590909090909093,107.47727272727273,410.2969619188745,76.69999999999999,73.89318181818182,8.734037077987113,345.02272727272725,1788.2644628099174,6785.906874554151,88.1,86.33181818181819,7.789026857954682,81.4,77.60227272727272,12.0040516698949,46.0,45.62727272727273,15.655219175913427,0.5681818181818181,2.867768595041323,10.426556823241976,1.4318181818181819,11.727272727272727,46.790446960896546,0.38636363636363635,1.2231404958677685,3.654820828367288,0.045454545454545456,0.24173553719008264,0.6142391401547006,1.8409090909090908,10.045454545454543,37.438295028905756,1.3636363636363638,5.824380165289257,20.191026405681903,0.08181818181818182,0.08798553719008265,0.05989341409553813,0.11363636363636363,0.5640495867768596,1.8365232395447268,0.007272727272727273,0.009318181818181817,0.009942524715455026,1.0454545454545454,3.5185950413223135,10.320814728735215,0.6136363636363636,2.09504132231405,6.069856183723629,1.0227272727272727,3.0619834710743805,8.492346085825146,0.43181818181818177,1.7892561983471074,5.481544748741618,0.5,1.9855371900826448,5.462321051702164,0.18181818181818182,0.9545454545454544,3.0682259095757685,0.40909090909090906,1.0309917355371903,2.4126367095144854,0.5681818181818181,1.9049586776859497,6.092022077851533,44.15909090909091,147.9504132231405,526.9539398508555,2.1136363636363633,10.002066115702478,25.61405063974975,8.613636363636363,37.07438016528926,116.50996662515102,13.5,80.93801652892563,313.5052679609184,7.636363636363637,30.900826446280988,100.06250273815591,1.0454545454545454,2.2355371900826446,3.671626543179059,0.6818181818181819,1.7851239669421488,3.1038746975627696,44.4,49.578947368421055,24.223509676606145,38.1,39.747368421052634,22.075712355966946,18.227272727272727,69.9090909090909,251.06330860401332,80.27272727272728,346.60743801652893,1184.2169917788544,39.81818181818182,159.21280991735537,511.46852342044906,0.6818181818181819,2.4834710743801653,6.127925021070489,0.5227272727272727,2.8409090909090913,9.792904269213194,0.09090909090909091,0.3512396694214876,0.5698342755315844,0.8409090909090909,1.832644628099174,3.637943011011152,0.5,1.7809917355371903,5.481295093312146,22.93181818181818,94.42768595041322,349.5619236993804,1.0454545454545454,2.9152892561983466,4.635499780623876,0.6590909090909091,2.8409090909090913,9.780589307092804,0.5681818181818181,1.297520661157025,2.4257460409775455,0.045454545454545456,0.16942148760330578,0.28271113182507596,0.29545454545454547,8.448347107438018,34.539243276918754,2.8181818181818183,11.078512396694215,37.88364604815702,0.7954545454545454,2.103305785123967,4.862233924479575,0.8636363636363636,2.2107438016528933,5.481149863680777,45.275,50.815909090909095,20.689377228098966
Liverpool,1.3333333333333333,1.1655328798185942,0.42394835811034254,0.9047619047619048,0.8480725623582767,0.5711545072179947,77.47619047619048,76.01814058956916,46.750698095095785,0.047619047619047616,0.17913832199546484,0.3096720384648499,0.09523809523809523,0.13378684807256236,0.18905364487160736,0.14285714285714285,0.1405895691609977,0.10908420105483234,0.0,0.0045351473922902496,0.014323457321862817,0.08095238095238096,0.1727891156462585,0.26131163512388345,0.08095238095238096,0.1569160997732426,0.20346475172329864,0.05714285714285714,0.1251700680272109,0.14859998853351464,1.0952380952380953,1.6757369614512474,1.7332037528499666,3.1904761904761907,3.875283446712018,3.203331464194072,2.5714285714285716,3.8390022675736963,5.142382610172548,0.04,0.16904761904761903,0.24055986285963757,0.14,0.14761904761904762,0.1455645822961328,0.07,0.1895238095238095,0.21020171717843295,0.11,0.13666666666666666,0.11947105646696748,1.02,1.02,0.2545584412271571,69.69999999999999,69.69999999999999,2.9698484809835013,38.75,38.75,1.7677669529663689,100.0,100.0,,32.8,31.727777777777778,14.953095510946124,0.016666666666666666,0.02414965986394558,0.021605168010049552,0.0035714285714285718,0.0035449735449735453,0.003360125310575044,0.6976190476190476,0.7370370370370369,0.1899049947850219,30.0,37.05215419501134,29.98726451055229,83.7,82.85238095238094,7.468106791390912,529.7142857142857,630.3877551020408,534.1898910942882,91.8,91.20476190476191,5.878050373251,88.3,86.71428571428572,9.668985764509413,60.8,60.32380952380953,15.202595329808158,0.5238095238095238,1.0476190476190477,1.0783375127404313,1.8571428571428572,3.224489795918367,3.362597488901696,0.38095238095238093,0.8866213151927437,1.0761774325459217,0.047619047619047616,0.17233560090702946,0.27989153652231646,3.1904761904761907,3.875283446712018,3.203331464194072,1.6666666666666667,2.3718820861678007,2.1655213638377893,0.12904761904761905,0.12539682539682545,0.07375517712461474,0.19047619047619047,0.30839002267573695,0.3128462879971828,0.016190476190476193,0.01657596371882086,0.012548878628040579,1.2380952380952381,1.3356009070294785,1.1466678720208219,0.7142857142857143,0.8231292517006802,0.7032710836080186,0.9047619047619048,1.3469387755102042,1.32763602991315,0.42857142857142855,0.634920634920635,0.6564408488641191,0.42857142857142855,0.7346938775510203,0.7005944072611375,0.09523809523809523,0.18820861678004536,0.21742472853756778,0.38095238095238093,0.5464852607709749,0.6069549751536186,0.3333333333333333,0.6145124716553289,0.7498911125650362,38.142857142857146,52.47845804988662,38.804058850372165,1.2857142857142858,4.653061224489797,7.177789862802118,7.619047619047619,14.351473922902496,15.290071150264584,13.333333333333334,23.691609977324262,22.148374218205365,9.285714285714286,14.895691609977323,13.433042307473789,2.0,2.6575963718820867,3.4428808221414187,0.7619047619047619,1.3446712018140592,1.680143118425065,49.0,54.910000000000004,20.866717392461183,41.6,37.98,19.68399296249032,24.285714285714285,30.12925170068027,21.642038031841818,144.0,152.85714285714283,109.17288396897972,65.85714285714286,81.83219954648526,58.72943962910867,1.0952380952380953,1.6757369614512474,1.7332037528499666,0.8095238095238095,1.1315192743764173,1.0129439775060147,0.23809523809523808,0.653061224489796,1.229009045089666,0.9047619047619048,1.074829931972789,1.1801044794603996,0.5238095238095238,0.6893424036281177,0.7539193205268916,27.142857142857142,36.65079365079365,27.045889168915558,2.5714285714285716,3.8390022675736963,5.142382610172548,0.7142857142857143,0.8820861678004536,0.7838533586682368,0.5714285714285714,0.7233560090702948,0.6284305483572767,0.047619047619047616,0.12471655328798185,0.2094568023135495,0.2857142857142857,1.4784580498866213,2.1081031543558373,2.9523809523809526,3.2789115646258504,2.3485068211426756,0.42857142857142855,0.8526077097505669,1.2369871196656685,0.5714285714285714,0.7596371882086167,0.6191348272778253,42.9,50.480952380952374,21.80703141300115
Brentford,1.2857142857142858,1.0884353741496597,0.53075176955062,1.0,0.8480725623582765,0.6169596743895935,91.0952380952381,75.82539682539681,52.04075529467469,0.0,0.13151927437641722,0.25193345858003896,0.09523809523809523,0.08843537414965985,0.11691975879534054,0.09523809523809523,0.12018140589569161,0.08987147237176714,0.0,0.0022675736961451248,0.010391328106475825,0.0380952380952381,0.118140589569161,0.18715932950417236,0.0380952380952381,0.1090702947845805,0.17091128808344366,0.05714285714285714,0.08548752834467119,0.10671848433630877,0.5714285714285714,1.2040816326530612,1.518080215700816,2.4285714285714284,2.7006802721088436,2.53318755654433,1.2857142857142858,2.6689342403628116,3.556969977008738,0.0,0.1123809523809524,0.18931203770243354,0.07,0.08380952380952383,0.09672001811808094,0.07,0.11952380952380953,0.15583568880318113,0.06,0.09047619047619049,0.07933953557188185,1.3599999999999999,1.3599999999999999,0.16970562748477142,62.0,62.0,16.97056274847714,59.1,59.1,57.84133470105959,0.0,0.0,,34.3,30.811111111111106,17.71449685124617,0.008571428571428572,0.014829931972789114,0.01764366729987821,0.002380952380952381,0.003677248677248677,0.004033359477774361,0.7285714285714285,0.7613756613756614,0.20318846241246097,23.0,26.943310657596374,20.742190394678058,77.2,76.44285714285714,8.036203794614185,358.57142857142856,494.5442176870748,438.83441822039936,87.4,86.33809523809525,8.073380716309382,79.9,81.95238095238096,10.028340792355387,55.1,55.090476190476195,13.536613489418423,0.38095238095238093,0.6712018140589568,0.8199475623276565,1.9523809523809523,2.2267573696145124,1.8915556928643231,0.3333333333333333,0.655328798185941,0.8795877154580738,0.09523809523809523,0.18140589569160998,0.2513541771337724,2.4285714285714284,2.7006802721088436,2.53318755654433,1.0,1.5827664399092969,1.6733813556477946,0.0819047619047619,0.08873015873015873,0.05448029732549397,0.09523809523809523,0.22675736961451243,0.27268080477656803,0.009523809523809525,0.012018140589569161,0.010771703042590328,1.1904761904761905,1.272108843537415,1.0258719931311593,0.8095238095238095,0.7732426303854875,0.6045752921503085,1.1904761904761905,1.179138321995465,0.9587767104374565,0.47619047619047616,0.5532879818594103,0.49566743991544726,0.8095238095238095,0.9705215419501133,0.889912756619262,0.19047619047619047,0.3990929705215421,0.5894915350955003,0.6190476190476191,0.5714285714285714,0.4769042269925441,0.38095238095238093,0.5941043083900227,0.5733339360104108,37.142857142857146,43.35600907029478,31.147864818912353,2.4285714285714284,6.791383219954649,13.517876600941952,10.761904761904763,17.01587301587302,19.59010424753598,15.904761904761905,16.138321995464853,12.921846929287003,7.523809523809524,10.596371882086169,10.844631670334392,1.1428571428571428,1.9886621315192745,2.1651698001474315,0.5714285714285714,1.2494331065759636,1.5773988147707232,47.6,49.05789473684211,19.590284320705553,42.1,42.07894736842105,16.106609373082716,18.80952380952381,22.904761904761905,16.785737926359577,127.85714285714286,124.0294784580499,95.92138513449589,55.76190476190476,63.58276643990931,53.35668686140312,0.5714285714285714,1.2040816326530612,1.518080215700816,0.47619047619047616,0.7346938775510203,0.8807041385853779,0.047619047619047616,0.42857142857142866,0.8217563183280175,0.6666666666666666,1.0657596371882085,1.2246037991777534,0.38095238095238093,0.5873015873015873,0.6341264874742278,23.047619047619047,26.546485260770982,19.074050821732307,1.2857142857142858,2.6689342403628116,3.556969977008738,0.5714285714285714,0.6167800453514739,0.4933747432694425,0.47619047619047616,0.693877551020408,0.672520461139375,0.047619047619047616,0.14058956916099768,0.21321222671957377,0.6190476190476191,1.3605442176870748,2.105794372309788,2.380952380952381,3.2902494331065757,2.5975701519515257,0.5714285714285714,1.2743764172335599,1.485676492338659,0.6666666666666666,1.1247165532879817,1.1280264095343007,55.1,53.98571428571429,19.473142676884123
Fulham,1.4,1.2550000000000001,0.4639362478889347,0.875,0.8825000000000003,0.5788543585575326,81.025,79.255,48.334326093857655,0.025,0.12,0.16889735281961551,0.05,0.1025,0.1322626971320016,0.125,0.17250000000000001,0.1534472307719463,0.0,0.0025,0.01118033988749895,0.052500000000000005,0.11100000000000002,0.13991162624276346,0.052500000000000005,0.10300000000000001,0.12003727491250814,0.05,0.086,0.09667634555295149,1.1,1.6500000000000004,1.8664630214730522,2.625,3.2425000000000006,2.542029597326555,1.9500000000000002,3.3674999999999997,3.7040616042961614,0.015,0.16850000000000004,0.2485383587888873,0.08499999999999999,0.10399999999999998,0.1193579314058085,0.085,0.148,0.15541455598021156,0.085,0.10200000000000001,0.08121446591392577,1.34,1.34,,68.3,68.3,,14.3,14.3,,0.0,0.0,,29.7,28.463157894736838,19.052914927943753,0.013,0.025625000000000002,0.02889676498011134,0.0025,0.0038157894736842103,0.004729371952418998,0.7849999999999999,0.8234210526315789,0.22397949206455725,32.599999999999994,33.0125,24.517254262640165,81.35,79.965,8.220595125082266,559.925,575.9699999999999,454.0222807539875,89.65,88.325,6.780612842974874,83.15,83.9,9.301839093766125,58.2,59.035000000000004,13.604692495412635,0.5,0.8649999999999999,0.8754096785295201,2.2249999999999996,2.65,2.0827613249823194,0.4,0.7075,0.9866577020692796,0.07500000000000001,0.23000000000000004,0.37360265974484314,2.625,3.2425000000000006,2.542029597326555,1.5,1.9724999999999997,1.6567624579598799,0.10975000000000001,0.122475,0.08221801489749196,0.15,0.22000000000000006,0.21968877507678186,0.00925,0.011925000000000002,0.010207421190899348,1.2000000000000002,1.4725,1.1846024205347725,0.6,0.89,0.7465006081007147,0.95,1.2225,1.0742776030528853,0.45,0.6024999999999998,0.5868010960417418,0.7,0.74,0.5502630949684074,0.1,0.18749999999999997,0.21143308011855916,0.575,0.5525,0.42067458357162235,0.42500000000000004,0.6075,0.6846580014484374,48.8,48.93,33.1499996030801,1.325,5.249999999999999,12.195706751061815,7.775,15.625,18.658027057655655,19.4,20.0775,15.655900812893453,11.625,13.765,11.74662437513545,1.6,2.0100000000000002,1.9902790071534666,0.925,1.3675000000000002,1.394092328740328,43.6,42.60526315789474,19.07105059403477,41.7,39.53684210526316,13.162286635447666,26.674999999999997,28.7425,20.41786675670935,124.35,149.5675,112.63556659351478,61.125,78.045,66.01148404873041,1.1,1.6500000000000004,1.8664630214730522,0.875,1.175,1.222863335308613,0.225,0.45249999999999985,0.5627645576690318,0.775,1.1175000000000002,0.9414818946186574,0.4,0.605,0.6019485902161062,31.625,32.622499999999995,22.024576434185132,1.9500000000000002,3.3674999999999997,3.7040616042961614,0.825,0.9349999999999999,0.7371888281987543,0.7749999999999999,0.7575000000000001,0.573831765186315,0.05,0.1,0.16701717529076243,0.75,2.0025000000000004,2.6726920688206572,3.05,3.3900000000000006,2.26904802667736,0.75,1.0675,1.080116343635941,0.95,1.1249999999999998,1.0816045585391323,47.05,47.30999999999999,19.248510537045117
